Index,City,Company,Country,Customer Id,Email,Name,Phone 1,Subscription Date,Website
1,East Leonard,Rasmussen Group,Chile,DD37Cf93aecA6Dc,zunigavanessa@smith.info,sheryl baxter,229.077.5154,2020-08-24,http://www.stephenson.com/
2,East Jimmychester,Vega-Gentry,Djibouti,1Ef7b82A4CAAD10,vmata@colon.com,preston lozano,5153435776,2021-04-23,http://www.hobbs.com/
3,Isabelborough,Murillo-Perry,Antigua and Barbuda,6F94879bDAfE5a6,beckycarr@hogan.com,roy berry,+1-539-402-0259,2020-03-25,http://www.lawrence.com/
4,Bensonview,"Dominguez, Mcmillan and Donovan",Dominican Republic,5Cef8BFA16c5e3c,stanleyblackwell@benson.org,linda olsen,001-808-617-6467x12895,2020-06-02,http://www.good-lyons.com/
5,West Priscilla,"Martin, Lang and Andrade",Slovakia (Slovak Republic),053d585Ab6b3159,colinalvarado@miles.net,joanna bender,001-234-203-0635x76146,2021-04-17,https://goodwin-ingram.com/
6,Chavezborough,Steele Group,Bosnia and Herzegovina,2d08FB17EE273F4,louis27@gilbert.com,aimee downs,(283)437-3886x88321,2020-02-25,http://www.berger.net/
7,Lake Ana,"Lester, Woodard and Mitchell",Pitcairn Islands,EA4d384DfDbBf77,tgates@cantrell.com,darren peck,(496)452-6181x3291,2021-08-24,https://www.le.com/
8,Kimport,"Sanford, Davenport and Giles",Bulgaria,0e04AFde9f225dE,asnow@colon.com,brett mullen,001-583-352-7197x297,2021-04-12,https://hammond-ramsey.com/
9,Robersonstad,Browning-Simon,Cyprus,C2dE4dEEc489ae0,mariokhan@ryan-pope.org,sheryl meyers,854-138-4911x5772,2020-01-13,https://www.bullock.net/
10,Elaineberg,Beck-Hendrix,Timor-Leste,8C2811a503C7c5a,mdyer@escobar.net,michelle gallagher,739.218.2516x459,2021-11-08,https://arias.com/
11,Shannonville,"Oconnell, Meza and Everett",Guernsey,216E205d6eBb815,kirksalas@webb.com,carl schroeder,637-854-0256x825,2021-10-20,https://simmons-hurley.com/
12,East Andrea,"Hoffman, Reed and Mcclain",Vietnam,CEDec94deE6d69B,mark42@robbins.com,jenna dodson,(041)737-3846,2020-11-29,http://www.douglas.net/
13,South Joannamouth,Graham-Francis,Togo,e35426EbDEceaFF,alex56@walls.org,tracey mata,001-949-844-8787,2021-12-02,http://www.beck.com/
14,Jodyberg,Carpenter-Cook,Sri Lanka,A08A8aF8BE9FaD4,holdenmiranda@clarke.com,kristine cox,786-284-3358x62152,2021-02-08,https://www.brandt.com/
15,Burchbury,Carter-Hancock,Singapore,6fEaA1b7cab7B6C,cassieparrish@blevins-chapman.net,faith lutz,(781)861-7180x8306,2022-01-26,http://stevenson.org/
16,Desireeshire,Singleton and Sons,Oman,8cad0b4CBceaeec,vduncan@parks-hardy.com,miranda beasley,540.085.3135x185,2022-04-12,http://acosta.org/
17,West Adriennestad,Winters-Mendoza,Western Sahara,a5DC21AE3a21eaA,holtgwendolyn@watson-davenport.com,caroline foley,936.222.4746x9924,2021-03-10,http://www.benson-roth.com/
18,Lake Leslie,Valentine LLC,Mozambique,F8Aa9d6DfcBeeF8,jaredjuarez@carroll.org,greg mata,(701)087-2415,2022-03-26,http://pitts-cherry.com/
19,Harmonview,Simon LLC,South Georgia and the South Sandwich Islands,F160f5Db3EfE973,joseph26@jacobson.com,clifford jacobson,001-151-330-3524x0469,2020-09-24,https://mcconnell.com/
20,Jamesshire,Mays-Mccormick,French Polynesia,0F60FF3DdCd7aB0,tuckerangie@salazar.net,joanna kirk,(266)131-7001x711,2021-09-24,https://www.camacho.net/
21,East Carly,Patterson Inc,Malta,9F9AdB7B8A6f7F2,fgibson@drake-webb.com,maxwell frye,423.262.3059,2022-01-12,http://www.roberts.com/
22,South Alvin,"Manning, Hester and Arroyo",Netherlands,FBd0Ded4F02a742,blanchardbob@wallace-shannon.com,kiara houston,001-274-040-3582x10611,2020-09-15,https://www.reid-potts.com/
23,Brittanyview,Greer and Sons,Paraguay,2FB0FAA1d429421,rsingleton@ryan-cherry.com,colleen howard,1935085151,2020-08-19,http://paul.biz/
24,Veronicamouth,Watts-Donaldson,Lao People's Democratic Republic,010468dAA11382c,stefanie71@spence.com,janet valenzuela,354.259.5062x7538,2020-09-08,https://moreno.biz/
25,Bryanville,Tucker LLC,Albania,eC1927Ca84E033e,mariah88@santos.com,shane wilcox,(429)005-9030x11004,2021-04-06,https://www.ramos.com/
26,Kaitlyntown,Giles Ltd,Panama,09D7D7C8Fe09aea,donnamullins@norris-barrett.org,marcus moody,674-677-8623,2022-05-24,https://www.curry.com/
27,Michealshire,Simmons Group,Belarus,aBdfcF2c50b0bfD,stacey67@fields.org,dakota poole,(371)987-8576x4720,2022-02-20,https://sanford-wilcox.biz/
28,South Marissatown,"Hinton, Chaney and Stokes",Switzerland,b92EBfdF8a3f0E6,jacobkhan@bright.biz,frederick harper,+1-077-121-1558x0687,2022-05-26,https://callahan.org/
29,Acevedoville,Santana-Duran,Saint Vincent and the Grenadines,3B5dAAFA41AFa22,wterrell@clark.com,stefanie fitzpatrick,(752)776-3286,2020-07-30,https://meyers.com/
30,North Harold,Sawyer PLC,Tanzania,EDA69ca7a6e96a2,qjimenez@boyd.com,kent bradshaw,+1-472-143-5037x884,2020-04-26,http://maynard-ho.com/
31,West Samuel,"Acosta, Petersen and Morrow",Zimbabwe,64DCcDFaB9DFd4e,gfigueroa@boone-zavala.com,jack tate,965-108-4406x20714,2021-09-15,http://www.hawkins-ramsey.com/
32,Cunninghamborough,Mcgee Group,Denmark,679c6c83DD872d6,tapiagreg@beard.info,tom trujillo,416-338-3758,2022-01-13,http://www.daniels-klein.com/
33,Port Annatown,Adkins-Salinas,Liechtenstein,7Ce381e4Afa4ba9,coleolson@jennings.net,gabriel mejia,4077245425,2021-04-24,https://patel-hanson.info/
34,New Kaitlyn,Herrera Group,United States of America,A09AEc6E3bF70eE,georgeross@miles.org,kaitlyn santana,6303643286,2021-09-21,http://pham.com/
35,West Marthaburgh,"Waters, Chase and Aguilar",Bahamas,aA9BAFfBc3710fe,willistonya@randolph-baker.com,faith moon,+1-586-217-0359x6317,2021-11-03,https://spencer-charles.info/
36,East Teresa,"Palmer, Barnes and Houston",Belize,E11dfb2DB8C9f72,harrisisaiah@jenkins.com,tammie haley,001-276-734-4113x6087,2022-01-04,http://evans-simon.com/
37,South Hunter,Jordan Ltd,Uruguay,889eCf90f68c5Da,fwolfe@dorsey.com,nicholas sosa,(661)425-6042,2021-08-10,https://www.fleming-richards.com/
38,South Walter,Glover and Sons,Solomon Islands,7a1Ee69F4fF4B4D,tiffanydavies@harris-mcfarland.org,jordan gay,7208417020,2021-02-24,http://www.lee.org/
39,Poolefurt,Huerta-Mclean,Montenegro,dca4f1D0A0fc5c9,preese@frye-vega.com,bruce esparza,559-529-4424,2021-10-22,http://www.farley.org/
40,West John,Anderson Ltd,Poland,17aD8e2dB3df03D,ann48@miller.com,sherry garza,001-067-713-6440x158,2021-11-01,http://spence.com/
41,West Darius,Monroe PLC,Dominican Republic,2f79Cd309624Abb,tcummings@fitzpatrick-ashley.com,natalie gentry,830.996.8238,2020-10-10,http://www.dorsey.biz/
42,North Jimstad,Kaufman and Sons,Burkina Faso,6e5ad5a5e2bB5Ca,woodwardandres@phelps.com,bryan dunn,001-710-802-5565,2021-09-08,http://www.butler.com/
43,East Rebekahborough,Perkins-Trevino,Bolivia,7E441b6B228DBcA,barbarapittman@holder.com,wayne simpson,(344)156-8632x1869,2020-12-13,https://gillespie-holder.com/
44,North Drew,Cross PLC,Bulgaria,D3fC11A9C235Dc6,bstuart@williamson-mcclure.com,luis greer,001-336-025-6849x701,2022-05-15,https://fletcher-nielsen.com/
45,Lake Lindaburgh,"Herrera, Shepherd and Underwood",Monaco,30Dfa48fe5Ede78,zkrueger@wolf-chavez.net,rhonda frost,(127)081-9339,2021-12-06,http://www.khan.com/
46,Gwendolynview,"Price, Sexton and Mcdaniel",Palau,fD780ED8dbEae7B,juan80@henson.net,joanne montes,(897)726-7952,2020-07-01,http://ochoa.com/
47,Zimmermanland,Short-Wiggins,Uzbekistan,300A40d3ce24bBA,bauercrystal@gay.com,geoffrey guzman,975.235.8921x269,2020-04-23,https://decker-kline.com/
48,North Kerriton,"Brennan, Acosta and Ramos",Ghana,283DFCD0Dba40aF,bartlettjenna@zuniga-moss.biz,gloria mccall,445-603-6729,2022-03-11,http://burgess-frank.com/
49,North Eileenville,Osborne-Erickson,United Arab Emirates,F4Fc91fEAEad286,mccalltyrone@durham-rose.biz,brady cohen,741.849.0139x524,2022-03-10,http://hammond-barron.com/
50,Port Sergiofort,"Hobbs, Garrett and Sanford",Belarus,80F33Fd2AcebF05,bobhammond@barry.biz,latoya mccann,(530)287-4548x29481,2021-12-02,https://www.burton.com/
51,New Alberttown,"Phelps, Forbes and Koch",Canada,Aa20BDe68eAb0e9,uwarner@steele-arias.com,gerald hawkins,+1-323-239-1456x96168,2021-03-19,https://valenzuela.com/
52,South Jasmine,"May, Goodwin and Martin",Algeria,e898eEB1B9FE22b,xpittman@ritter-carney.net,samuel crawford,802-242-7457,2021-03-27,https://guerrero.org/
53,Cowanfort,"Christian, Winters and Ellis",Swaziland,faCEF517ae7D8eB,vaughanchristy@lara.biz,patricia goodwin,322.549.7139x70040,2021-03-08,http://clark.info/
54,New Deborah,Byrd Inc,Madagascar,c09952De6Cda8aA,clinton85@colon-arias.org,stacie richard,001-622-948-3641x24810,2020-10-15,https://kim.com/
55,Wallstown,"Nixon, Blackwell and Sosa",Ecuador,f3BEf3Be028166f,greenemiranda@zimmerman.com,robin west,698.303.4267,2022-01-13,https://www.mora.com/
56,Lake Ellenchester,Montes PLC,Palestinian Territory,C6F2Fc6a7948a4e,goodmancesar@figueroa.biz,ralph haas,2239271999,2020-05-25,http://may.com/
57,Lake Whitney,Costa PLC,Saint Barthelemy,c8FE57cBBdCDcb2,yhanson@warner-diaz.org,phyllis maldonado,4500370767,2021-01-25,http://www.bernard.com/
58,East Jaredbury,Novak LLC,United Arab Emirates,B5acdFC982124F2,howelldarren@house-cohen.com,danny parrish,(669)384-8597x8794,2021-03-17,http://www.parsons-hudson.com/
59,Selenabury,"Moore, Mccoy and Glass",South Georgia and the South Sandwich Islands,8c7DdF10798bCC3,ncamacho@boone-simmons.org,kathy hill,001-171-716-2175x310,2020-11-15,http://hayden.com/
60,Huangfort,Petty Ltd,Sao Tome and Principe,C681dDd0cc422f7,kristopher62@oliver.com,kelli hardy,020.324.2191x2022,2020-12-20,http://www.kidd.com/
61,East Pennyshire,"Brennan, Camacho and Tapia",Portugal,a940cE42e035F28,mpham@rios-guzman.com,lynn pham,846.468.6834x611,2020-08-21,https://www.murphy.com/
62,Port Jasminborough,"Prince, Malone and Pugh",Togo,9Cf5E6AFE0aeBfd,zachary96@mitchell-bryant.org,shelley harris,423.098.0315x8373,2020-12-10,https://www.ryan.com/
63,West Kristine,Caldwell Group,Ethiopia,aEcbe5365BbC67D,kristiwhitney@bernard.com,eddie jimenez,+1-235-657-1073x6306,2022-03-24,http://cherry.com/
64,South Julia,Simon LLC,Netherlands,FCBdfCEAe20A8Dc,leah85@sutton-terrell.com,chloe hutchinson,981-544-9452,2022-05-15,https://mitchell.info/
65,Helenborough,"Knight, Abbott and Hubbard",Liberia,636cBF0835E10ff,levigiles@vincent.com,eileen lynch,+1-158-951-4131x53578,2021-01-02,http://mckay.com/
66,Lake Nancy,Church-Banks,Lithuania,fF1b6c9E8Fbf1ff,fisherlinda@schaefer.net,fernando lambert,497.829.9038,2021-04-23,https://www.vang.com/
67,Georgeport,Henderson Inc,New Caledonia,2A13F74EAa7DA6c,scottcurtis@hurley.biz,makayla cannon,001-215-801-6392x46009,2020-01-20,http://www.velazquez.net/
68,South Sophiaberg,Donaldson-Dougherty,Kiribati,a014Ec1b9FccC1E,nicholsonnina@montgomery.info,tom alvarado,(585)606-2980x2258,2020-08-18,http://odom-massey.com/
69,Hartbury,Warren Ltd,French Southern Territories,421a109cABDf5fa,zvalencia@phelps.com,virginia dudley,027.846.3705x14184,2021-01-31,http://hunter-esparza.com/
70,Erikaville,Wade PLC,Canada,CC68FD1D3Bbbf22,alex06@galloway.com,riley good,6977745822,2020-02-03,http://conway.org/
71,Nicolasfort,Keller-Coffey,Iran,CBCd2Ac8E3eBDF9,lee48@manning.com,alexandria buck,078-900-4760x76668,2021-02-20,https://ramsey.org/
72,New Jasmineshire,Conway-Mcbride,Morocco,Ef859092FbEcC07,aharper@maddox-townsend.org,richard roth,581-440-6539,2020-02-23,https://www.brooks.com/
73,East Summerstad,Huynh and Sons,Zimbabwe,F560f2d3cDFb618,buckleycory@odonnell.net,candice keller,001-927-965-8550x92406,2020-08-22,https://www.lucero.com/
74,Skinnerport,Parrish Ltd,Russian Federation,A3F76Be153Df4a3,angie04@oconnell.com,anita benson,874.617.5668x69878,2020-02-09,http://oconnor.com/
75,Raystad,Guzman-Brown,Solomon Islands,D01Af0AF7cBbFeA,zrosario@rojas-hardin.net,regina stein,001-469-848-0724x4407,2022-01-15,http://www.johnston.info/
76,Colinhaven,"Chang, Aguirre and Leblanc",United States Virgin Islands,d40e89dCade7b2F,shieldskerry@robles.com,debra riddle,+1-768-182-6014x14336,2020-07-11,http://kaiser.info/
77,West Reginald,Mason-Hester,Kyrgyz Republic,BF6a1f9bd1bf8DE,mchandler@cochran-huerta.org,brittany zuniga,(050)136-9025,2021-07-24,http://www.boyle.com/
78,Lake Sherryborough,"Mcguire, Huynh and Hopkins",Myanmar,FfaeFFbbbf280db,katrinalane@fitzgerald.com,cassidy mcmahon,5040771311,2020-10-21,https://hurst.com/
79,Port Katherineville,"Sanchez, Marsh and Hale",Dominica,CbAE1d1e9a8dCb1,cookejill@powell.com,laurie pennington,007.155.3406x553,2020-06-08,http://www.hebert.com/
80,Thomasland,"Combs, Waller and Durham",Iceland,A7F85c1DE4dB87f,elizabethbarr@ewing.com,alejandro blair,(690)068-4641x51468,2020-09-19,https://mercado-blevins.com/
81,Coreybury,Blankenship-Arias,Micronesia,D6CEAfb3BDbaa1A,corey75@wiggins.com,leslie jennings,629.198.6346,2021-11-13,https://www.juarez.com/
82,Lake Janiceton,"Coffey, Lamb and Johnson",Saint Vincent and the Grenadines,Ebdb6F6F7c90b69,chloelester@higgins-wilkinson.com,kathleen mckay,(733)910-9968,2021-09-12,http://www.owens-mooney.com/
83,East Clinton,Fitzpatrick-Lawrence,Isle of Man,E8E7e8Cfe516ef0,isaac26@benton-finley.com,hunter moreno,(733)833-6754,2020-12-28,http://walls.info/
84,South Joshuashire,Garcia-Jimenez,Oman,78C06E9b6B3DF20,justinwalters@jimenez.com,chad davidson,8275702958,2021-11-15,http://www.garner-oliver.com/
85,New Glenda,"Mcdonald, Bird and Ramirez",Fiji,03A1E62ADdeb31c,maurice46@morgan.com,corey holt,001-439-242-4986x7918,2020-02-18,http://www.watson.com/
86,North Jillianview,Stephens Inc,New Zealand,C6763c99d0bd16D,walter83@juarez.org,emma cunningham,128-059-0206x60217,2022-05-13,http://www.reid.info/
87,Lyonsberg,Montoya-Miller,Maldives,ebe77E5Bf9476CE,kmercer@wagner.com,duane woods,(636)544-7783x7288,2020-07-21,http://murray.org/
88,East Cristinabury,"Vaughn, Watts and Leach",Benin,E4Bbcd8AD81fC5f,vcantu@norton.com,alison vargas,365-273-8144,2020-11-10,http://mason.info/
89,Thomasfurt,Carter-Strickland,Yemen,efeb73245CDf1fF,hilljesse@barrett.info,vernon kane,114-854-1159x555,2021-04-15,http://www.duffy-hensley.net/
90,North Joeburgh,Decker-Mcknight,Namibia,37Ec4B395641c1E,tyrone77@valenzuela.info,lori flowers,679.415.1210,2021-01-09,http://www.deleon-crosby.com/
91,Cassidychester,Byrd-Campbell,Bhutan,5ef6d3eefdD43bE,elliserica@frank.com,nina chavez,053-344-3205,2020-03-26,https://www.pugh.com/
92,South Dannymouth,Rocha-Hart,Hungary,98b3aeDcC3B9FF3,nsteele@sparks.com,shane foley,+1-822-569-0302,2021-07-06,https://www.holt-sparks.com/
93,South Lonnie,Lamb-Peterson,Anguilla,aAb6AFc7AfD0fF3,dudleyemily@gonzales.biz,collin ayers,404-645-5351x012,2021-06-29,http://www.ruiz.com/
94,Frankchester,"Lee, Lucero and Johnson",Solomon Islands,54B5B5Fe9F1B6C5,alan79@gates-mclaughlin.com,sherry young,158-687-1764,2021-04-04,https://travis.net/
95,Daisyborough,"Newton, Petersen and Mathis",Mali,BE91A0bdcA49Bbc,grayjean@lowery-good.com,darrell douglas,001-084-845-9524x1777,2022-02-17,https://banks.biz/
96,East Richard,Carey LLC,Guyana,cb8E23e48d22Eae,hhart@jensen.com,karl greer,(188)169-1674x58692,2022-01-30,http://hayes-perez.com/
97,New Bradview,"Ware, Burns and Oneal",Sri Lanka,CeD220bdAaCfaDf,vkemp@ferrell.com,lynn atkinson,+1-846-706-2218,2021-07-10,https://novak-allison.com/
98,Ortegaland,Schmitt-Jones,Solomon Islands,28CDbC0dFe4b1Db,swagner@kane.org,fred guerra,+1-753-067-8419x7170,2021-09-18,https://www.ross.com/
99,Lake Elijahview,Fitzgerald-Harrell,Aruba,c23d1D9EE8DEB0A,mccarthystephen@horn-green.biz,yvonne farmer,(530)311-9786,2021-08-11,http://watkins.info/
100,Judymouth,"Le, Nash and Cross",Honduras,2354a0E336A91A1,colleen91@faulkner.biz,clarence haynes,(753)813-6941,2020-03-11,http://www.hatfield-saunders.net/
